id;title;description;start;end;file
1;1;1;2015-08-12T04:55:00.000Z;2015-08-12T04:55:00.000Z;1
2;2;1;2015-08-12T04:55:00.000Z;2015-08-12T04:55:00.000Z;1
3;3;1;2015-08-12T04:55:00.000Z;2015-08-12T04:55:00.000Z;1
4;4;1;2015-08-12T04:55:00.000Z;2015-08-12T04:55:00.000Z;1
5;5;1;2015-08-12T04:55:00.000Z;2015-08-12T04:55:00.000Z;1
6;6;1;2015-08-12T04:55:00.000Z;2015-08-12T04:55:00.000Z;1
7;7;1;2015-08-12T04:55:00.000Z;2015-08-12T04:55:00.000Z;1
8;8;1;2015-08-12T04:55:00.000Z;2015-08-12T04:55:00.000Z;1
9;9;1;2015-08-12T04:55:00.000Z;2015-08-12T04:55:00.000Z;1
11;11;1;2015-08-12T04:55:00.000Z;2015-08-12T04:55:00.000Z;1
12;12;1;2015-08-12T04:55:00.000Z;2015-08-12T04:55:00.000Z;1
13;13;1;2015-08-12T04:55:00.000Z;2015-08-12T04:55:00.000Z;1
14;14;1;2015-08-12T04:55:00.000Z;2015-08-12T04:55:00.000Z;1
15;15;1;2015-08-12T04:55:00.000Z;2015-08-12T04:55:00.000Z;1
16;16;1;2015-08-12T04:55:00.000Z;2015-08-12T04:55:00.000Z;1
17;17;1;2015-08-12T04:55:00.000Z;2015-08-12T04:55:00.000Z;1
18;18;1;2015-08-12T04:55:00.000Z;2015-08-12T04:55:00.000Z;1
19;19;1;2015-08-12T04:55:00.000Z;2015-08-12T04:55:00.000Z;1
21;21;1;2015-08-12T04:55:00.000Z;2015-08-12T04:55:00.000Z;1
22;22;1;2015-08-12T04:55:00.000Z;2015-08-12T04:55:00.000Z;1
23;23;1;2015-08-12T04:55:00.000Z;2015-08-12T04:55:00.000Z;1
24;24;1;2015-08-12T04:55:00.000Z;2015-08-12T04:55:00.000Z;1
25;25;1;2015-08-12T04:55:00.000Z;2015-08-12T04:55:00.000Z;1
26;26;1;2015-08-12T04:55:00.000Z;2015-08-12T04:55:00.000Z;1
27;27;1;2015-08-12T04:55:00.000Z;2015-08-12T04:55:00.000Z;1
28;28;1;2015-08-12T04:55:00.000Z;2015-08-12T04:55:00.000Z;1
29;29;1;2015-08-12T04:55:00.000Z;2015-08-12T04:55:00.000Z;1
30;30;1;2015-08-12T04:55:00.000Z;2015-08-12T04:55:00.000Z;1